<?xml version="1.0" encoding="UTF-8"?>
<project-private xmlns="http://www.netbeans.org/ns/project-private/1">
    <editor-bookmarks xmlns="http://www.netbeans.org/ns/editor-bookmarks/2" lastBookmarkId="0"/>
    <open-files xmlns="http://www.netbeans.org/ns/projectui-open-files/2">
        <group>
            <file>file:/var/mywebsite/lab4/MyRequestHandler.php</file>
            <file>file:/var/mywebsite/lab4/deleteUser.php</file>
            <file>file:/var/mywebsite/lab4/DBInterface.php</file>
            <file>file:/var/mywebsite/lab4/form.html</file>
            <file>file:/var/mywebsite/lab4/index.php</file>
            <file>file:/var/mywebsite/lab4/allUsers.php</file>
            <file>file:/var/mywebsite/lab4/lab2web.php</file>
            <file>file:/var/mywebsite/lab4/DataBaseAccess.php</file>
            <file>file:/var/mywebsite/lab4/Validation.php</file>
            <file>file:/var/mywebsite/lab4/MyResponseHandler.php</file>
        </group>
    </open-files>
</project-private>
